Mesh_id,Link_id,Locptid,Loctabcode,Locdir,Dir
514575,86404510,1,32,+,1
514575,86404511,1,32,+,1
514575,2200998,2,32,+,1
514575,2200951,3,32,+,1
514575,86753046,4,32,+,1
514575,86753047,4,32,+,1
514575,16078795,4,32,+,1
514575,16078796,4,32,+,1
514575,2200959,4,32,+,1
514576,938535,4,32,+,1
514576,938536,4,32,+,1
514576,938531,4,32,+,1
514566,1384049,4,32,+,1
514566,1384053,4,32,+,1
514575,86404924,5,32,+,1
514575,88262986,5,32,+,1
514575,88262987,5,32,+,1
514575,86404923,5,32,+,1
514575,86404921,5,32,+,1
514575,86404919,5,32,+,1
514575,86404917,5,32,+,1
514575,86404915,5,32,+,1
514575,86404913,5,32,+,1
514575,86404911,5,32,+,1
514575,86404909,5,32,+,1
514575,91880189,5,32,+,1
514575,91880190,5,32,+,1
514575,86404519,5,32,+,1
514575,86404520,5,32,+,1
514575,86404515,5,32,+,1
514565,91879879,6,32,+,1
514565,91879880,6,32,+,1
514565,16473931,7,32,+,1
514565,16222048,8,32,+,1
514565,16222046,8,32,+,1
514565,16222044,8,32,+,1
514565,16222042,8,32,+,1
514565,16222040,8,32,+,1
514565,16222038,8,32,+,1
514565,16222036,8,32,+,1
514565,16222034,8,32,+,1
514565,16222032,8,32,+,1
514565,16222030,8,32,+,1
514565,16222031,8,32,+,1
514565,16222033,8,32,+,1
514565,16222055,8,32,+,1
514565,16222056,8,32,+,1
514565,16222037,8,32,+,1
514565,16222039,8,32,+,1
514565,16222041,8,32,+,1
514565,16222043,8,32,+,1
514565,16222045,8,32,+,1
514565,16222047,8,32,+,1
514565,16222049,8,32,+,1
514565,1637566,8,32,+,1
514565,1632808,9,32,+,1
514565,1634415,9,32,+,1
514565,86230146,9,32,+,1
514565,86230150,9,32,+,1
514565,86230151,9,32,+,1
514565,86454598,9,32,+,1
514565,86454599,9,32,+,1
514565,86230141,9,32,+,1
514565,1639088,9,32,+,1
514565,1639090,9,32,+,1
514565,1637547,9,32,+,1
514565,86230133,9,32,+,1
514565,86230134,9,32,+,1
514565,86230125,9,32,+,1
514565,86230121,10,32,+,1
514565,86230127,10,32,+,1
514565,86230131,10,32,+,1
514565,86230130,10,32,+,1
514565,1634383,10,32,+,1
514565,1637541,10,32,+,1
514565,1637540,10,32,+,1
514565,1632811,10,32,+,1
514565,1639084,10,32,+,1
514565,1637616,10,32,+,1
514565,86230123,10,32,+,1
514565,86230139,10,32,+,1
514565,86230138,10,32,+,1
514565,1634386,10,32,+,1
514565,86230143,10,32,+,1
514565,86230154,10,32,+,1
514565,86230153,10,32,+,1
514565,86230144,10,32,+,1
514565,1632805,10,32,+,1
514565,1634421,10,32,+,1
514575,2202512,11,32,+,1
514575,86404476,11,32,+,1
514575,86404477,11,32,+,1
514575,2200964,12,32,+,1
514575,2200969,12,32,+,1
514565,86695183,13,32,+,1
514565,86695184,13,32,+,1
514565,91880196,14,32,+,1
514565,91880197,14,32,+,1
514565,1632849,14,32,+,1
514565,1629784,14,32,+,1
514565,1625110,15,32,-,1
514575,86404465,16,32,+,1
514575,2205582,16,32,+,1
514575,2205585,17,32,+,1
514565,1628193,17,32,+,1
514565,1639131,18,32,-,1
514565,1639129,18,32,-,1
514575,2202456,18,32,-,1
514575,86404467,18,32,-,1
514575,91879986,19,32,+,1
514575,91879987,19,32,+,1
514575,2200971,20,32,+,1
514575,2202536,21,32,-,1
514575,16078780,21,32,-,1
514575,16078781,21,32,-,1
514575,2202530,21,32,-,1
514566,1385525,22,32,+,1
514566,1384010,22,32,+,1
514565,91879900,23,32,+,1
514565,1629722,24,32,+,1
514565,1629721,24,32,+,1
514565,1629724,25,32,-,1
514565,1629725,25,32,-,1
514575,86404469,26,32,+,1
514565,1628201,27,32,-,1
514565,1628196,27,32,-,1
514575,2204073,27,32,-,1
514565,16078851,28,32,+,1
514565,16078852,28,32,+,1
514565,1632825,29,32,+,1
514565,1625120,29,32,+,1
514565,1625148,30,32,+,1
514565,1625147,31,32,+,1
514565,1625121,32,32,+,1
514565,1625153,33,32,+,1
514565,1629801,33,32,+,1
514565,16078516,33,32,+,1
514565,16078517,33,32,+,1
514565,91879910,34,32,+,1
514565,1636004,34,32,+,1
514565,1629757,34,32,+,1
514565,16078510,35,32,+,1
514565,1632824,35,32,+,1
514565,1635993,36,32,-,1
514565,91879914,36,32,-,1
514565,16078511,36,32,-,1
514565,1625167,37,32,+,1
514565,1631333,38,32,+,1
514565,1629747,38,32,+,1
514565,86695161,39,32,-,1
514565,1629741,40,32,+,1
514565,91879939,41,32,-,1
514565,1626604,42,32,+,1
514565,86454655,42,32,+,1
514565,86124484,42,32,+,1
514565,86124485,42,32,+,1
514565,1625112,43,32,+,1
514565,1629727,43,32,+,1
514565,1629728,44,32,+,1
514565,1625149,45,32,+,1
514565,1636011,46,32,+,1
514565,1636013,46,32,+,1
514565,1636006,46,32,+,1
514565,1625106,47,32,+,1
514565,1625107,47,32,+,1
514565,1629804,48,32,+,1
514565,1625157,49,32,-,1
514575,2202472,50,32,+,1
514565,1628180,51,32,-,1
514565,1628181,51,32,-,1
514565,1625132,52,32,+,1
514565,16078737,53,32,+,1
514565,1629744,54,32,+,1
514565,1632818,54,32,+,1
514565,1635995,54,32,+,1
514565,1635997,54,32,+,1
514565,1629743,55,32,+,1
514565,91879926,55,32,+,1
514565,91879927,55,32,+,1
514565,91880198,55,32,+,1
514565,91880199,55,32,+,1
514565,1628149,56,32,+,1
514565,1628150,56,32,+,1
514565,86454797,57,32,+,1
514565,91880187,58,32,-,1
514565,86695185,59,32,+,1
514575,86404488,59,32,+,1
514575,86404490,60,32,-,1
514565,86695181,60,32,-,1
514565,86695182,61,32,-,1
514565,1628211,61,32,-,1
514565,86695190,61,32,-,1
514565,86695189,61,32,-,1
514565,1629745,62,32,+,1
514565,86695159,62,32,+,1
514565,86695160,62,32,+,1
514565,16078757,63,32,+,1
514565,86695169,63,32,+,1
514565,86695170,64,32,+,1
514565,91879983,64,32,+,1
514565,91879984,64,32,+,1
514565,86695175,65,32,+,1
514565,86695176,66,32,+,1
514565,86695174,67,32,+,1
514565,91879982,68,32,+,1
514565,16078758,69,32,+,1
514565,16078757,70,32,+,1
514565,1626659,71,32,+,1
514565,91879907,72,32,+,1
514565,91879908,72,32,+,1
514565,1626661,73,32,+,1
514565,1626662,73,32,+,1
514565,1626665,74,32,+,1
514565,1626666,75,32,+,1
514565,1626658,76,32,+,1
514565,1626656,77,32,+,1
514575,2202490,78,32,+,1
514575,16078788,78,32,+,1
514575,16078789,78,32,+,1
514575,88262983,78,32,+,1
514575,2202496,78,32,+,1
514575,2202473,78,32,+,1
514575,2202475,78,32,+,1
514576,938521,78,32,+,1
514565,86454630,79,32,+,1
514565,1631359,80,32,+,1
514565,1626610,81,32,+,1
514565,86695162,81,32,+,1
514565,86695163,81,32,+,1
514565,1626621,82,32,+,1
514565,1625141,82,32,+,1
514565,1639102,82,32,+,1
514565,1639104,82,32,+,1
514565,1626582,83,32,+,1
514565,1626585,84,32,+,1
514565,1626584,85,32,-,1
514565,1625144,85,32,-,1
514565,1639135,86,32,-,1
514565,1639133,86,32,-,1
514565,1625142,86,32,-,1
514565,86695165,87,32,-,1
514565,86695164,87,32,-,1
514565,16078754,88,32,-,1
514565,16078753,88,32,-,1
514565,1626611,88,32,-,1
514565,1625118,89,32,+,1
514565,1629716,90,32,+,1
514565,86454633,90,32,+,1
514565,86454634,90,32,+,1
514565,86454628,90,32,+,1
514565,86454629,91,32,+,1
514565,86454632,91,32,+,1
514565,86454631,91,32,+,1
514565,1639141,91,32,+,1
514565,16078749,92,32,+,1
514565,16078748,92,32,+,1
514565,1628186,92,32,+,1
514565,16078751,92,32,+,1
514565,16078752,92,32,+,1
514565,16078749,93,32,+,1
514565,1629805,94,32,-,1
514565,16078759,94,32,-,1
514565,16078760,94,32,-,1
514566,1394908,95,32,+,1
514566,1394905,95,32,+,1
514565,86230168,96,32,+,1
514565,86230167,96,32,+,1
514565,91213473,96,32,+,1
514565,91213474,96,32,+,1
514565,86230161,96,32,+,1
514565,1634439,96,32,+,1
514565,1626645,97,32,+,1
514565,86230193,98,32,+,1
514565,86230194,99,32,+,1
514565,1636030,99,32,+,1
514565,1636032,99,32,+,1
514565,86230196,100,32,+,1
514565,86230197,100,32,+,1
514565,1625162,101,32,+,1
514565,1625164,101,32,+,1
514565,1626643,101,32,+,1
514565,1626644,102,32,+,1
514565,1625168,103,32,+,1
514565,86695149,104,32,+,1
514565,86695150,104,32,+,1
514565,86695151,105,32,+,1
514565,86695152,105,32,+,1
514565,1636049,106,32,+,1
514565,86695153,106,32,+,1
514565,86695155,106,32,+,1
514565,86695156,106,32,+,1
514566,1373631,106,32,+,1
514566,1394931,106,32,+,1
514566,16474276,107,32,+,1
514565,1625125,108,32,+,1
514565,1626631,108,32,+,1
514565,16078467,109,32,+,1
514565,16078468,109,32,+,1
514565,1637598,109,32,+,1
514565,16078471,110,32,+,1
514565,16078472,110,32,+,1
514565,1637600,111,32,+,1
514565,86454600,112,32,-,1
514565,86454601,112,32,-,1
514565,16473930,113,32,+,1
514565,1632841,114,32,+,1
514565,1640663,115,32,+,1
514565,95155651,115,32,+,1
514565,95155650,115,32,+,1
514565,95155648,115,32,+,1
514565,1640652,115,32,+,1
514565,1639176,115,32,+,1
514565,1639163,115,32,+,1
514565,1634468,115,32,+,1
514565,1634474,115,32,+,1
514565,1634473,115,32,+,1
514564,2293154,115,32,+,1
514564,2293155,116,32,-,1
514565,1634477,116,32,-,1
514565,1634478,116,32,-,1
514565,1634466,116,32,-,1
514565,1639166,116,32,-,1
514565,1640647,116,32,-,1
514565,1640650,116,32,-,1
514565,95155646,116,32,-,1
514565,95155652,116,32,-,1
514565,95155653,116,32,-,1
514565,1640661,116,32,-,1
514565,1640668,116,32,-,1
514565,91880188,117,32,+,1
514565,1626607,118,32,+,1
514565,1626669,119,32,+,1
514565,1626660,120,32,+,1
514565,91880179,121,32,+,1
514565,86454796,122,32,+,1
514565,1636058,123,32,+,1
514565,1637518,123,32,+,1
514565,1639114,124,32,+,1
514565,1639116,124,32,+,1
514565,16078755,125,32,+,1
514565,16078756,125,32,+,1
514565,1625129,126,32,+,1
514565,1626612,127,32,-,1
514565,1626629,127,32,-,1
514565,1626628,127,32,-,1
514565,1625127,128,32,-,1
514565,1628177,129,32,-,1
514565,1628183,130,32,-,1
514565,1625122,131,32,-,1
514565,86454789,132,32,-,1
514565,86454790,132,32,-,1
514565,1628178,133,32,-,1
514565,1629730,134,32,+,1
514565,1629729,134,32,+,1
514565,1626615,135,32,-,1
514565,1629731,135,32,-,1
514565,1629732,135,32,-,1
514565,1631360,136,32,+,1
514565,1628153,136,32,+,1
514565,1628141,137,32,+,1
514565,91879980,138,32,+,1
514565,16078485,139,32,+,1
514565,1629717,140,32,-,1
514565,16078483,141,32,+,1
514565,16078484,141,32,+,1
514565,1625176,142,32,+,1
514565,1629793,143,32,+,1
514565,1629794,144,32,+,1
514565,1625179,145,32,+,1
514565,91879911,145,32,+,1
514565,91879912,146,32,+,1
514565,1636007,147,32,+,1
514565,1636015,147,32,+,1
514565,1636017,147,32,+,1
514565,1629783,148,32,+,1
514565,86454595,149,32,+,1
514565,1629775,150,32,+,1
514575,2205606,151,32,+,1
514575,91879990,152,32,+,1
514565,86454793,153,32,+,1
514565,86454794,153,32,+,1
514565,1628174,154,32,+,1
514565,1628175,155,32,+,1
514565,1625155,156,32,+,1
514565,16078746,157,32,+,1
514565,16078747,157,32,+,1
514565,1626649,158,32,+,1
514565,1629782,158,32,+,1
514565,1632792,158,32,+,1
514565,1625128,159,32,+,1
514575,86404474,160,32,+,1
514575,86404475,160,32,+,1
514565,1628157,161,32,+,1
514565,1628158,161,32,+,1
514565,1626589,161,32,+,1
514566,1373640,161,32,+,1
514565,16078507,162,32,+,1
514565,16078508,162,32,+,1
514565,1626632,163,32,+,1
514565,86230190,164,32,+,1
514565,86230192,164,32,+,1
514565,86230191,165,32,-,1
514565,1625090,166,32,+,1
514565,1625089,166,32,+,1
514565,1626601,167,32,+,1
514565,1625096,168,32,+,1
514565,1625097,168,32,+,1
514565,16078486,169,32,+,1
514565,16078487,169,32,+,1
514565,1625098,170,32,-,1
514575,2205595,171,32,+,1
514575,91879997,172,32,-,1
514575,91879996,172,32,-,1
514575,2205611,172,32,-,1
514575,2205609,172,32,-,1
514565,1625178,173,32,+,1
514565,1625175,174,32,+,1
514565,1631272,175,32,+,1
514565,1631273,175,32,+,1
514575,2200949,176,32,+,1
514575,2202450,177,32,-,1
514565,1629760,178,32,+,1
514565,1629761,178,32,+,1
514565,91880180,179,32,+,1
514565,1631267,179,32,+,1
514565,1629720,180,32,+,1
514565,1628143,181,32,+,1
514575,2205586,182,32,+,1
514565,1629795,183,32,+,1
514575,2200975,184,32,+,1
514575,2200973,184,32,+,1
514575,2202500,185,32,+,1
514575,2202502,185,32,+,1
514575,86404500,185,32,+,1
514575,86404503,185,32,+,1
514575,86404504,185,32,+,1
514565,1628195,185,32,+,1
514565,1632855,185,32,+,1
514565,1639099,185,32,+,1
514565,1639100,185,32,+,1
514565,1639096,185,32,+,1
514565,1625145,185,32,+,1
514565,1626673,186,32,+,1
514565,1626674,186,32,+,1
514565,1626675,186,32,+,1
514565,1626672,187,32,+,1
514565,1632874,188,32,+,1
514565,1628155,189,32,+,1
514565,1628144,190,32,+,1
514565,1628148,190,32,+,1
514565,1629735,191,32,+,1
514565,1629736,191,32,+,1
514565,16078735,192,32,+,1
514565,86454649,193,32,+,1
514575,86753080,193,32,+,1
514565,1626654,194,32,+,1
514566,1373593,195,32,+,1
514566,1376657,195,32,+,1
514566,1376660,195,32,+,1
514566,1376655,195,32,+,1
514566,1394916,196,32,+,1
514566,1376650,197,32,-,1
514566,1376665,197,32,-,1
514566,1376663,197,32,-,1
514566,1373596,197,32,-,1
514566,1373611,198,32,-,1
514566,1373608,198,32,-,1
514566,1373600,198,32,-,1
514566,1373601,198,32,-,1
514565,1625177,199,32,+,1
514565,1629791,199,32,+,1
514565,1629792,200,32,+,1
514565,1625174,201,32,-,1
514565,16078490,202,32,+,1
514565,16078491,202,32,+,1
514565,1629778,202,32,+,1
514565,1625108,202,32,+,1
514565,1632817,203,32,+,1
514565,1625101,204,32,-,1
514565,1625103,204,32,-,1
514565,1628189,205,32,+,1
514565,1629781,206,32,+,1
514565,1626664,207,32,+,1
514565,86454640,208,32,+,1
514565,86454641,208,32,+,1
514565,1628154,209,32,+,1
514565,1628185,209,32,+,1
514565,91879940,210,32,+,1
514565,91879941,210,32,+,1
514565,1631358,210,32,+,1
514565,91880200,211,32,+,1
514565,91880201,211,32,+,1
514565,1625138,212,32,+,1
514565,1625152,213,32,+,1
514565,1629771,214,32,+,1
514565,1626616,215,32,+,1
514565,1629799,215,32,+,1
514565,16078738,216,32,-,1
514565,1625117,216,32,-,1
514565,1625115,216,32,-,1
514565,1625114,217,32,-,1
514565,1629800,218,32,-,1
514565,1626614,218,32,-,1
514565,1635989,219,32,+,1
514575,2205538,220,32,+,1
514575,2205539,220,32,+,1
514575,2202477,220,32,+,1
514565,86454771,221,32,+,1
514565,86454770,221,32,+,1
514565,16078506,221,32,+,1
514565,16078505,221,32,+,1
514565,1637527,221,32,+,1
514565,1637525,221,32,+,1
514565,1626586,222,32,+,1
514565,1636055,223,32,+,1
514565,1637517,223,32,+,1
514565,16078501,223,32,+,1
514565,16078502,223,32,+,1
514565,86454775,223,32,+,1
514565,86454776,223,32,+,1
514565,1626587,224,32,+,1
514565,1634435,224,32,+,1
514565,1631276,224,32,+,1
514565,1631278,225,32,+,1
514565,1631279,225,32,+,1
514565,1626588,225,32,+,1
514565,1632832,226,32,+,1
514565,16078685,227,32,+,1
514565,16078686,227,32,+,1
514565,16078681,227,32,+,1
514565,1631307,227,32,+,1
514565,1631302,227,32,+,1
514565,1631299,227,32,+,1
514565,1631294,227,32,+,1
514565,16078724,227,32,+,1
514565,16078725,227,32,+,1
514565,1639137,228,32,-,1
514565,1639139,228,32,-,1
514565,1629785,229,32,-,1
514565,86230172,229,32,-,1
514565,86230173,229,32,-,1
514565,1632803,229,32,-,1
514565,1632804,229,32,-,1
514565,1628225,229,32,-,1
514565,16078729,229,32,-,1
514565,16078730,229,32,-,1
514565,1631315,229,32,-,1
514565,1631316,229,32,-,1
514565,1631311,229,32,-,1
514565,1631312,229,32,-,1
514565,16078671,229,32,-,1
514565,16078672,229,32,-,1
514565,16078692,229,32,-,1
514565,16078693,229,32,-,1
514565,16078690,229,32,-,1
514565,16078691,229,32,-,1
514565,86454663,230,32,-,1
514565,86454669,230,32,-,1
514565,16078717,230,32,-,1
514565,16078718,230,32,-,1
514565,16078715,230,32,-,1
514565,16078739,230,32,-,1
514565,16078740,230,32,-,1
514565,1631330,230,32,-,1
514565,16222059,230,32,-,1
514565,16222060,230,32,-,1
514565,1626636,230,32,-,1
514565,1626642,230,32,-,1
514565,1631331,231,32,-,1
514565,1636044,232,32,-,1
514565,1631332,232,32,-,1
514565,1625171,232,32,-,1
514565,1631334,233,32,-,1
514565,91879934,233,32,-,1
514565,91879935,233,32,-,1
514565,86695158,233,32,-,1
514565,91879956,233,32,-,1
514565,91879957,233,32,-,1
514565,1631342,233,32,-,1
514565,91879965,233,32,-,1
514565,91879966,233,32,-,1
514565,86454736,233,32,-,1
514565,86454739,233,32,-,1
514565,86454740,233,32,-,1
514566,86454732,233,32,-,1
514566,91880016,233,32,-,1
514566,91880017,234,32,-,1
514566,1373586,234,32,-,1
514566,1376718,234,32,-,1
514566,86454721,234,32,-,1
514566,86454723,234,32,-,1
514566,91880023,234,32,-,1
514566,91880024,234,32,-,1
514566,86454699,234,32,-,1
514566,86454695,234,32,-,1
514566,86454696,234,32,-,1
514566,86454697,234,32,-,1
514566,1378098,234,32,-,1
514566,1382509,234,32,-,1
514566,1382512,234,32,-,1
514566,86454703,234,32,-,1
514566,86454706,234,32,-,1
514566,86454707,234,32,-,1
514566,1393313,234,32,-,1
514566,1393316,234,32,-,1
514566,1379552,235,32,+,1
514566,1379575,235,32,+,1
514566,1379578,235,32,+,1
514566,1379558,236,32,-,1
514566,1379561,236,32,-,1
514566,1379542,236,32,-,1
514566,1379513,236,32,-,1
514566,1378185,236,32,-,1
514566,1378189,236,32,-,1
514565,1625140,237,32,+,1
514564,2293149,238,32,+,1
514564,2293167,239,32,+,1
514564,2293169,240,32,+,1
514564,95997362,241,32,+,1
514564,95997363,241,32,+,1
514565,16007122,241,32,+,1
514565,16007116,242,32,+,1
514565,16007123,243,32,+,1
514565,16078452,244,32,+,1
514565,86454626,244,32,+,1
514565,16078454,245,32,+,1
514565,16078456,246,32,+,1
514565,16078463,246,32,+,1
514565,16078465,246,32,+,1
514565,16078466,246,32,+,1
514565,16078458,246,32,+,1
514565,16078459,247,32,+,1
514565,16078462,247,32,+,1
514565,16078460,248,32,+,1
514565,16078461,249,32,+,1
514565,16078469,250,32,+,1
514565,16078470,250,32,+,1
514565,16078473,251,32,+,1
514565,16078474,251,32,+,1
514565,16078475,252,32,+,1
514565,16078476,253,32,+,1
514565,16078488,254,32,+,1
514565,16078489,255,32,+,1
514565,16078492,256,32,+,1
514565,16078495,257,32,+,1
514565,16078496,257,32,+,1
514565,16078497,258,32,+,1
514565,16078498,259,32,+,1
514565,16078499,260,32,+,1
514565,16078500,260,32,+,1
514565,16078503,261,32,+,1
514565,16078504,261,32,+,1
514565,16078509,262,32,+,1
514565,16078512,263,32,+,1
514565,16078513,263,32,+,1
514565,16078514,264,32,+,1
514565,16078515,265,32,+,1
514565,16078518,266,32,+,1
514565,16078519,267,32,+,1
514565,16078520,268,32,+,1
514565,16078522,269,32,+,1
514565,16078523,270,32,+,1
514565,16078524,270,32,+,1
514565,16078525,270,32,+,1
514565,16078528,270,32,+,1
514565,16078527,270,32,+,1
514565,16078526,271,32,+,1
514565,16078696,272,32,+,1
514565,16078698,273,32,+,1
514565,16078699,274,32,+,1
514565,16078700,274,32,+,1
514565,16078703,275,32,+,1
514565,16078704,276,32,+,1
514565,16078705,277,32,+,1
514565,16078706,277,32,+,1
514565,16078707,278,32,+,1
514565,16078710,279,32,+,1
514565,16078711,280,32,+,1
514565,16078712,280,32,+,1
514565,16078733,281,32,+,1
514565,16078734,282,32,+,1
514565,16078855,283,32,+,1
514565,16222051,284,32,+,1
514565,16222052,285,32,+,1
514565,16222053,286,32,+,1
514565,16222054,287,32,+,1
514565,16222057,288,32,+,1
514565,1634471,288,32,+,1
514565,1639171,288,32,+,1
514565,16222058,289,32,+,1
514565,16222066,290,32,+,1
514565,16222067,290,32,+,1
514565,16222068,291,32,+,1
514565,16222069,291,32,+,1
514565,1625095,292,32,+,1
514565,1625113,293,32,+,1
514565,1625116,294,32,+,1
514565,1625124,295,32,+,1
514565,1625136,296,32,+,1
514565,1625137,297,32,+,1
514565,1625139,298,32,+,1
514565,1625143,299,32,+,1
514565,1625146,300,32,+,1
514565,1625159,301,32,+,1
514565,1625160,302,32,+,1
514565,1625163,303,32,+,1
514565,1625165,304,32,+,1
514565,1625166,305,32,+,1
514565,1625172,306,32,+,1
514565,1626580,307,32,+,1
514565,1626590,308,32,+,1
514565,1626592,308,32,+,1
514565,1626593,309,32,+,1
514565,1626596,310,32,+,1
514565,1626597,310,32,+,1
514565,1626603,311,32,+,1
514565,16222050,311,32,+,1
514565,1626605,312,32,+,1
514565,1626609,313,32,+,1
514565,1626634,314,32,+,1
514565,1626635,314,32,+,1
514565,1626630,314,32,+,1
514565,1626634,314,32,+,1
514565,1626639,315,32,+,1
514565,1626641,316,32,+,1
514565,1626650,317,32,+,1
514565,1626651,318,32,+,1
514565,1626652,318,32,+,1
514565,1626653,318,32,+,1
514565,1626663,318,32,+,1
514565,1626667,318,32,+,1
514565,1626668,318,32,+,1
514565,1626677,319,32,+,1
514565,1632790,319,32,+,1
514565,1628156,320,32,+,1
514565,1628159,321,32,+,1
514565,1628173,322,32,+,1
514565,1628179,323,32,+,1
514565,1628188,324,32,+,1
514565,1626595,324,32,+,1
514565,1628200,325,32,+,1
514565,1628202,326,32,+,1
514565,1628215,327,32,+,1
514565,1628216,328,32,+,1
514565,1628217,329,32,+,1
514565,1628218,330,32,+,1
514565,1628219,331,32,+,1
514565,1628220,332,32,+,1
514565,1628222,333,32,+,1
514565,1628223,333,32,+,1
514565,1629714,334,32,+,1
514565,1629715,334,32,+,1
514565,1629723,335,32,+,1
514565,1629726,336,32,+,1
514565,1629734,337,32,+,1
514565,1629738,337,32,+,1
514565,1629739,337,32,+,1
514565,1629737,338,32,+,1
514565,1629742,339,32,+,1
514565,1629749,340,32,+,1
514566,1376641,340,32,+,1
514565,1629751,341,32,+,1
514565,1629754,342,32,+,1
514566,1376643,342,32,+,1
514565,1629756,343,32,+,1
514565,91879942,343,32,+,1
514565,1629766,344,32,+,1
514565,1629767,345,32,+,1
514565,1629776,346,32,+,1
514565,1629779,347,32,+,1
514565,1629780,348,32,+,1
514565,1629786,349,32,+,1
514565,1629788,350,32,+,1
514565,1629798,351,32,+,1
514565,1629807,352,32,+,1
514565,1629808,353,32,+,1
514565,1629809,354,32,+,1
514565,1629810,354,32,+,1
514565,1631262,354,32,+,1
514565,1631263,354,32,+,1
514565,1631277,355,32,+,1
514565,1631280,356,32,+,1
514565,1631281,357,32,+,1
514565,1631282,358,32,+,1
514565,1631283,359,32,+,1
514565,1631284,359,32,+,1
514565,1631285,360,32,+,1
514566,1376652,360,32,+,1
514565,1631287,361,32,+,1
514565,1631288,361,32,+,1
514565,1631289,362,32,+,1
514565,1631290,362,32,+,1
514565,1631341,363,32,+,1
514565,1631356,364,32,+,1
514565,1632876,364,32,+,1
514565,1634382,364,32,+,1
514565,1632796,364,32,+,1
514565,1632797,364,32,+,1
514565,1632793,365,32,+,1
514565,1632794,366,32,+,1
514565,1632795,367,32,+,1
514565,1632802,368,32,+,1
514565,16078708,368,32,+,1
514565,16078709,368,32,+,1
514565,91879867,368,32,+,1
514565,91879868,368,32,+,1
514565,86695194,368,32,+,1
514565,1632807,369,32,+,1
514565,1632809,370,32,+,1
514565,1632810,371,32,+,1
514565,16222710,371,32,+,1
514565,16222711,371,32,+,1
514565,1632813,372,32,+,1
514565,1632814,373,32,+,1
514565,1632819,374,32,+,1
514565,1632820,375,32,+,1
514565,1632821,376,32,+,1
514565,1632826,377,32,+,1
514565,1632839,378,32,+,1
514565,1632843,379,32,+,1
514565,1632845,379,32,+,1
514565,1632857,380,32,+,1
514565,1634444,381,32,+,1
514565,1634441,381,32,+,1
514565,1634451,382,32,+,1
514565,1634456,383,32,+,1
514565,1634464,384,32,+,1
514565,1635961,385,32,+,1
514565,1635965,385,32,+,1
514565,1635963,386,32,+,1
514565,1628224,386,32,+,1
514565,1635967,387,32,+,1
514565,1639160,387,32,+,1
514565,1635968,388,32,+,1
514565,1635971,389,32,+,1
514565,1635973,389,32,+,1
514565,1635975,390,32,+,1
514565,1635979,391,32,+,1
514565,1635981,391,32,+,1
514565,1635977,391,32,+,1
514565,1636000,392,32,+,1
514565,1636009,393,32,+,1
514565,1636028,394,32,+,1
514565,1636034,395,32,+,1
514565,1636042,396,32,+,1
514565,1636053,397,32,+,1
514565,86454746,397,32,+,1
514565,1637519,398,32,+,1
514565,1637522,398,32,+,1
514565,1637524,398,32,+,1
514565,1637533,399,32,+,1
514565,1637536,400,32,+,1
514565,1637538,401,32,+,1
514565,1637543,402,32,+,1
514565,1637545,402,32,+,1
514565,1637555,403,32,+,1
514565,1637580,404,32,+,1
514565,1637581,404,32,+,1
514565,1637583,405,32,+,1
514565,1637585,405,32,+,1
514565,1637602,406,32,+,1
514565,1639155,406,32,+,1
514565,86454594,406,32,+,1
514565,1637612,407,32,+,1
514565,1637614,407,32,+,1
514565,1639086,408,32,+,1
514565,1639092,409,32,+,1
514565,1639094,410,32,+,1
514565,1639097,411,32,+,1
514565,1639105,412,32,+,1
514565,1639108,412,32,+,1
514565,1639125,412,32,+,1
514565,1639127,412,32,+,1
514565,1639109,413,32,+,1
514565,1639122,414,32,+,1
514565,1639124,414,32,+,1
514565,1639145,415,32,+,1
514565,1639146,415,32,+,1
514565,1639148,416,32,+,1
514565,1639150,416,32,+,1
514565,1637609,416,32,+,1
514565,1639148,416,32,+,1
514565,1639169,417,32,+,1
514565,1639181,417,32,+,1
514565,1639172,418,32,+,1
514565,1639175,419,32,+,1
514565,1634469,419,32,+,1
514565,1639179,420,32,+,1
514565,1639178,420,32,+,1
514565,1640646,421,32,+,1
514565,1640655,421,32,+,1
514565,1640672,422,32,+,1
514564,2294645,422,32,+,1
514565,1640674,423,32,+,1
514565,1640710,424,32,+,1
514565,91879928,424,32,+,1
514565,16473932,425,32,+,1
514565,19651439,426,32,+,1
514565,19651440,426,32,+,1
514565,86695168,426,32,+,1
514565,86230108,427,32,+,1
514565,86230111,427,32,+,1
514565,86230128,428,32,+,1
514565,86230129,429,32,+,1
514565,86230132,429,32,+,1
514565,86230135,430,32,+,1
514565,86230136,431,32,+,1
514565,86230137,431,32,+,1
514565,86230148,432,32,+,1
514565,86230149,433,32,+,1
514565,86230152,433,32,+,1
514565,86230155,434,32,+,1
514565,86230162,435,32,+,1
514565,86230163,435,32,+,1
514565,86230165,436,32,+,1
514565,86230166,436,32,+,1
514565,86230171,437,32,+,1
514565,86230176,438,32,+,1
514565,86230177,439,32,+,1
514565,86230178,440,32,+,1
514565,86230179,441,32,+,1
514565,86230180,442,32,+,1
514565,86230185,443,32,+,1
514565,86230198,444,32,+,1
514565,86454586,445,32,+,1
514565,86454589,445,32,+,1
514565,86454596,446,32,+,1
514565,86454602,447,32,+,1
514565,86454606,447,32,+,1
514565,86454605,448,32,+,1
514565,86454614,449,32,+,1
514565,86454615,450,32,+,1
514565,86454618,450,32,+,1
514565,86454621,451,32,+,1
514565,86454622,452,32,+,1
514565,86454623,453,32,+,1
514565,86454643,454,32,+,1
514565,91879898,454,32,+,1
514565,91879899,454,32,+,1
514565,86454654,455,32,+,1
514565,86454672,456,32,+,1
514566,86454682,456,32,+,1
514565,86454683,456,32,+,1
514566,86454684,456,32,+,1
514565,86454679,456,32,+,1
514565,91879945,456,32,+,1
514565,86454685,457,32,+,1
514565,86454686,458,32,+,1
514565,86454738,459,32,+,1
514565,86454741,459,32,+,1
514565,86454773,460,32,+,1
514575,86454774,460,32,+,1
514575,86753051,460,32,+,1
514565,86454779,461,32,+,1
514565,86454780,461,32,+,1
514565,86454787,462,32,+,1
514565,86454788,462,32,+,1
514565,86454786,462,32,+,1
514565,86454784,462,32,+,1
514565,86454782,462,32,+,1
514565,86454791,463,32,+,1
514565,86454792,464,32,+,1
514565,86454795,465,32,+,1
514565,91879869,466,32,+,1
514565,91879870,467,32,+,1
514565,91879872,468,32,+,1
514565,91879873,469,32,+,1
514565,91879874,470,32,+,1
514565,91879895,471,32,+,1
514565,91879903,472,32,+,1
514565,91879906,473,32,+,1
514565,91879915,474,32,+,1
514565,91879918,474,32,+,1
514565,91879919,475,32,+,1
514565,91879921,476,32,+,1
514565,91879922,477,32,+,1
514565,91879923,478,32,+,1
514565,91879925,478,32,+,1
514565,91879929,479,32,+,1
514565,91879930,480,32,+,1
514565,91879931,481,32,+,1
514565,91879932,482,32,+,1
514565,91879933,483,32,+,1
514565,91879944,484,32,+,1
514565,91879946,485,32,+,1
514565,91879972,486,32,+,1
514565,91879975,487,32,+,1
514565,91879976,488,32,+,1
514565,91879977,489,32,+,1
514565,91879978,490,32,+,1
514565,86454778,490,32,+,1
514565,91879979,491,32,+,1
514565,91880191,492,32,+,1
514565,91880195,493,32,+,1
514565,91880202,494,32,+,1
514565,91880203,495,32,+,1
514565,95924065,496,32,+,1
514565,95924071,497,32,+,1
514565,95924074,498,32,+,1
514565,95924075,499,32,+,1
514565,95924081,499,32,+,1
514565,95924078,500,32,+,1
514565,95924084,501,32,+,1
514565,95924086,502,32,+,1
514565,95924087,503,32,+,1
514565,95924088,504,32,+,1
514565,95924097,505,32,+,1
514565,95924103,505,32,+,1
514565,95924104,505,32,+,1
514566,1373623,506,32,+,1
514566,1375155,507,32,+,1
514566,1375160,508,32,+,1
514566,1387121,508,32,+,1
514566,1375163,509,32,+,1
514566,1375166,509,32,+,1
514566,1375184,510,32,+,1
514566,1375187,511,32,+,1
514566,1375189,512,32,+,1
514566,1376671,513,32,+,1
514566,1376676,513,32,+,1
514566,1376680,514,32,+,1
514566,1376682,514,32,+,1
514566,1376687,515,32,+,1
514566,1375124,515,32,+,1
514566,1375126,515,32,+,1
514566,1375130,515,32,+,1
514566,1376627,515,32,+,1
514566,1376690,516,32,+,1
514566,1376724,517,32,+,1
514566,1378101,518,32,+,1
514566,1378104,519,32,+,1
514566,1378122,520,32,+,1
514566,1378124,521,32,+,1
514566,1378127,522,32,+,1
514566,1378128,523,32,+,1
514566,1378131,524,32,+,1
514566,1385601,524,32,+,1
514566,1378145,525,32,+,1
514566,1378147,526,32,+,1
514566,1378150,527,32,+,1
514566,1378174,528,32,+,1
514566,1379610,529,32,+,1
514566,86454463,529,32,+,1
514566,1380945,530,32,+,1
514566,1380953,531,32,+,1
514566,1380956,532,32,+,1
514566,1380965,533,32,+,1
514566,1380989,534,32,+,1
514566,1382490,535,32,+,1
514566,1382499,536,32,+,1
514566,1382502,536,32,+,1
514566,1382505,537,32,+,1
514566,1384012,537,32,+,1
514566,1384015,537,32,+,1
514566,1383996,538,32,+,1
514566,1384003,539,32,+,1
514566,1384006,540,32,+,1
514566,1384040,541,32,+,1
514566,1384038,541,32,+,1
514566,1375144,541,32,+,1
514566,1382497,541,32,+,1
514566,1382494,541,32,+,1
514566,1382485,541,32,+,1
514566,1382489,541,32,+,1
514566,1384055,542,32,+,1
514566,1385526,542,32,+,1
514566,1384062,543,32,+,1
514566,1385527,543,32,+,1
514566,1385530,544,32,+,1
514566,1385532,544,32,+,1
514566,1385535,545,32,+,1
514566,1385538,545,32,+,1
514566,1385557,546,32,+,1
514566,86454528,546,32,+,1
514566,86454529,546,32,+,1
514566,86454527,546,32,+,1
514566,86454525,546,32,+,1
514566,86454523,546,32,+,1
514566,86454521,546,32,+,1
514566,86454519,546,32,+,1
514566,86454517,546,32,+,1
514566,86454515,546,32,+,1
514566,86454512,546,32,+,1
514566,86695388,546,32,+,1
514566,86695389,546,32,+,1
514566,86454511,546,32,+,1
514566,86454509,546,32,+,1
514566,86454506,546,32,+,1
514566,86454507,546,32,+,1
514566,86454503,546,32,+,1
514566,86454501,546,32,+,1
514566,86454499,546,32,+,1
514566,86454496,546,32,+,1
514566,1385590,547,32,+,1
514566,1385598,548,32,+,1
514566,1385604,549,32,+,1
514566,1385610,550,32,+,1
514566,1385621,551,32,+,1
514566,1385623,551,32,+,1
514566,1387096,551,32,+,1
514566,1387110,552,32,+,1
514566,1390246,552,32,+,1
514566,1387108,552,32,+,1
514566,1387125,553,32,+,1
514566,1387127,554,32,+,1
514566,1387131,555,32,+,1
514566,1387132,556,32,+,1
514566,1387136,557,32,+,1
514566,1387139,557,32,+,1
514566,1387141,558,32,+,1
514566,1387144,559,32,+,1
514566,1387153,559,32,+,1
514566,1387169,559,32,+,1
514566,1387189,559,32,+,1
514566,1387147,560,32,+,1
514566,1387156,561,32,+,1
514566,1387160,562,32,+,1
514566,1387163,563,32,+,1
514566,1387166,564,32,+,1
514566,1387172,565,32,+,1
514566,1387173,566,32,+,1
514566,1387178,567,32,+,1
514566,1387180,568,32,+,1
514566,1387183,569,32,+,1
514566,1387187,570,32,+,1
514566,1387193,571,32,+,1
514566,1388677,572,32,+,1
514566,1388680,573,32,+,1
514566,1388683,574,32,+,1
514566,1388685,575,32,+,1
514566,1388687,575,32,+,1
514566,1388690,575,32,+,1
514566,1388693,576,32,+,1
514566,1388696,577,32,+,1
514566,1388699,578,32,+,1
514566,1388702,579,32,+,1
514566,1388704,579,32,+,1
514566,1388716,580,32,+,1
514566,1388719,581,32,+,1
514566,1388723,582,32,+,1
514566,1388727,583,32,+,1
514566,1388729,584,32,+,1
514566,1388731,584,32,+,1
514566,1388754,585,32,+,1
514566,1390253,586,32,+,1
514566,1390261,587,32,+,1
514566,1391759,588,32,+,1
514566,1391803,589,32,+,1
514566,1391807,590,32,+,1
514566,1393279,591,32,+,1
514566,1393330,592,32,+,1
514566,1393332,593,32,+,1
514566,1393335,594,32,+,1
514566,1393345,595,32,+,1
514566,1393349,596,32,+,1
514566,1393357,597,32,+,1
514566,1393361,598,32,+,1
514566,1393363,599,32,+,1
514566,86454454,599,32,+,1
514566,86454452,599,32,+,1
514566,1393365,600,32,+,1
514566,1393368,601,32,+,1
514566,1394918,602,32,+,1
514566,1394939,603,32,+,1
514566,16078529,604,32,+,1
514566,16078530,605,32,+,1
514566,16078531,606,32,+,1
514566,16078532,607,32,+,1
514566,16078533,607,32,+,1
514566,91880036,607,32,+,1
514566,16078535,608,32,+,1
514566,16078536,609,32,+,1
514566,16078539,610,32,+,1
514566,16078540,610,32,+,1
514566,16078541,611,32,+,1
514566,16078542,612,32,+,1
514566,16078547,613,32,+,1
514566,16078550,613,32,+,1
514566,16078556,614,32,+,1
514566,16078557,614,32,+,1
514566,16078562,615,32,+,1
514566,16078563,615,32,+,1
514566,16078564,616,32,+,1
514566,16078565,617,32,+,1
514566,16078570,618,32,+,1
514566,16078571,618,32,+,1
514566,16078762,619,32,+,1
514566,91880014,619,32,+,1
514566,16078776,619,32,+,1
514566,16078777,619,32,+,1
514566,16078764,620,32,+,1
514566,16078765,621,32,+,1
514566,16078770,622,32,+,1
514566,16078771,622,32,+,1
514566,16078772,623,32,+,1
514566,16078773,624,32,+,1
514566,16078774,625,32,+,1
514566,16078775,626,32,+,1
514566,16078807,627,32,+,1
514566,16078808,627,32,+,1
514566,16078809,628,32,+,1
514566,16078812,629,32,+,1
514566,16078815,630,32,+,1
514566,16078817,631,32,+,1
514566,16078818,632,32,+,1
514566,16078819,632,32,+,1
514566,16078820,633,32,+,1
514566,16078821,633,32,+,1
514566,16078822,634,32,+,1
514566,16078823,635,32,+,1
514566,16078824,635,32,+,1
514566,16078826,636,32,+,1
514566,16078827,636,32,+,1
514566,16078828,637,32,+,1
514566,16078829,637,32,+,1
514566,95924127,637,32,+,1
514566,16078860,638,32,+,1
514566,16078861,639,32,+,1
514566,16078865,640,32,+,1
514566,16078867,641,32,+,1
514566,16078868,641,32,+,1
514566,16221914,642,32,+,1
514566,16222018,643,32,+,1
514566,16222019,644,32,+,1
514566,16222020,645,32,+,1
514566,16222021,646,32,+,1
514566,16222026,647,32,+,1
514566,16222027,648,32,+,1
514566,16222028,649,32,+,1
514566,16222029,650,32,+,1
514566,49719333,651,32,+,1
514566,16078534,651,32,+,1
514566,49719337,652,32,+,1
514576,49719338,652,32,+,1
514576,49719339,652,32,+,1
514576,49719340,652,32,+,1
514576,91880047,652,32,+,1
514566,49719342,653,32,+,1
514566,49719343,653,32,+,1
514566,86454421,654,32,+,1
514566,86454422,654,32,+,1
514566,86454425,655,32,+,1
514566,86454426,655,32,+,1
514566,86454427,656,32,+,1
514566,86454428,656,32,+,1
514566,86454429,657,32,+,1
514566,86454430,657,32,+,1
514566,86454439,658,32,+,1
514566,86454440,658,32,+,1
514566,86454437,658,32,+,1
514576,86454438,658,32,+,1
514576,86753052,658,32,+,1
514576,91880048,658,32,+,1
514566,86454443,659,32,+,1
514566,86454444,659,32,+,1
514566,16078813,659,32,+,1
514566,16078814,659,32,+,1
514566,86454445,660,32,+,1
514566,86454446,661,32,+,1
514566,1391818,661,32,+,1
514566,86454448,662,32,+,1
514566,86454449,663,32,+,1
514566,86454453,664,32,+,1
514566,86454459,665,32,+,1
514566,86454461,666,32,+,1
514566,86454462,667,32,+,1
514566,86454464,668,32,+,1
514566,86454465,669,32,+,1
514566,86454466,669,32,+,1
514566,86454467,670,32,+,1
514566,86454468,671,32,+,1
514566,86454469,671,32,+,1
514566,86454536,672,32,+,1
514566,86454537,673,32,+,1
514566,86454540,673,32,+,1
514566,86454543,674,32,+,1
514566,86454689,675,32,+,1
514566,86454692,676,32,+,1
514566,86454693,677,32,+,1
514566,91880026,677,32,+,1
514566,86454705,678,32,+,1
514566,86454708,678,32,+,1
514566,86454717,679,32,+,1
514566,86454720,679,32,+,1
514566,86454725,680,32,+,1
514566,86454753,681,32,+,1
514566,86454760,682,32,+,1
514566,86454761,682,32,+,1
514566,91879947,683,32,+,1
514566,91879949,684,32,+,1
514566,91879950,685,32,+,1
514566,91879951,686,32,+,1
514566,91879952,687,32,+,1
514566,91879948,687,32,+,1
514566,91879953,688,32,+,1
514566,91880002,689,32,+,1
514566,91880007,690,32,+,1
514566,91880021,691,32,+,1
514566,91880022,691,32,+,1
514566,91880025,692,32,+,1
514566,91880027,693,32,+,1
514566,91880032,693,32,+,1
514566,91880030,693,32,+,1
514566,91880029,694,32,+,1
514566,91880033,695,32,+,1
514566,91880034,695,32,+,1
514566,91880035,696,32,+,1
514566,91880037,697,32,+,1
514566,91880038,698,32,+,1
514566,91880043,699,32,+,1
514566,91880044,700,32,+,1
514566,91880045,700,32,+,1
514566,91880046,701,32,+,1
514566,91880059,702,32,+,1
514566,91880060,703,32,+,1
514566,91880062,703,32,+,1
514566,91880061,704,32,+,1
514566,91880068,705,32,+,1
514566,91880069,706,32,+,1
514566,91880074,707,32,+,1
514566,91880075,708,32,+,1
514566,91880192,709,32,+,1
514566,91880193,710,32,+,1
514566,86454750,710,32,+,1
514566,95924106,711,32,+,1
514566,95924111,712,32,+,1
514566,95924109,712,32,+,1
514566,95924116,713,32,+,1
514566,95924117,713,32,+,1
514566,95924118,714,32,+,1
514566,95924119,714,32,+,1
514566,95924122,715,32,+,1
514566,95924123,715,32,+,1
514566,95924124,716,32,+,1
514566,95924125,716,32,+,1
514566,95924120,716,32,+,1
514566,95924121,716,32,+,1
514566,95924126,717,32,+,1
514566,95924128,718,32,+,1
514566,95924129,719,32,+,1
514566,95924130,720,32,+,1
514574,1550663,721,32,+,1
514575,2205562,721,32,+,1
514575,2207128,721,32,+,1
514575,2208648,721,32,+,1
514574,16007110,721,32,+,1
514574,16007112,721,32,+,1
514574,16007113,721,32,+,1
514574,1552145,722,32,+,1
514574,1553733,722,32,+,1
514574,1556867,722,32,+,1
514574,1552185,723,32,+,1
514574,1553750,723,32,+,1
514564,2294646,723,32,+,1
514574,1553752,723,32,+,1
514574,1555335,723,32,+,1
514574,1555294,724,32,+,1
514574,1555346,725,32,+,1
514574,1555352,726,32,+,1
514574,16007103,726,32,+,1
514574,16007105,726,32,+,1
514574,1556863,727,32,+,1
514574,16007100,728,32,+,1
514574,16007109,729,32,+,1
514574,16007118,730,32,+,1
514575,16007130,731,32,+,1
514575,16078479,732,32,+,1
514575,16078480,732,32,+,1
514575,16078481,733,32,+,1
514575,16078482,734,32,+,1
514575,16078793,735,32,+,1
514575,16078794,735,32,+,1
514575,2200957,736,32,+,1
514575,15222286,736,32,+,1
514575,15222285,736,32,+,1
514575,2200967,737,32,+,1
514575,2200990,738,32,+,1
514575,2202466,739,32,+,1
514575,2202487,740,32,+,1
514575,2202492,741,32,+,1
514575,2202498,742,32,+,1
514575,2202517,743,32,+,1
514575,2202527,744,32,+,1
514575,2203984,745,32,+,1
514575,2204057,746,32,+,1
514575,2205528,747,32,+,1
514575,2205575,748,32,+,1
514575,86404529,748,32,+,1
514575,2205580,749,32,+,1
514575,2205619,749,32,+,1
514575,2205578,749,32,+,1
514575,2205591,750,32,+,1
514575,2205592,751,32,+,1
514575,2200955,751,32,+,1
514575,2205599,752,32,+,1
514575,2205604,753,32,+,1
514575,86404480,754,32,+,1
514575,86404481,755,32,+,1
514575,86404482,756,32,+,1
514575,86404483,756,32,+,1
514575,86404492,757,32,+,1
514575,86404493,757,32,+,1
514575,86404496,758,32,+,1
514575,86404499,758,32,+,1
514575,86404505,759,32,+,1
514575,86404502,759,32,+,1
514575,86404506,760,32,+,1
514575,86404507,760,32,+,1
514575,2200984,760,32,+,1
514575,86404518,761,32,+,1
514575,86404521,761,32,+,1
514575,86404530,762,32,+,1
514575,2205573,762,32,+,1
514575,86404531,763,32,+,1
514575,86404641,764,32,+,1
514575,91880181,764,32,+,1
514575,86404651,765,32,+,1
514575,86404654,766,32,+,1
514575,86404657,767,32,+,1
514575,16007135,767,32,+,1
514575,86753045,768,32,+,1
514575,86753048,769,32,+,1
514575,86753049,769,32,+,1
514575,91879865,770,32,+,1
514575,91879882,771,32,+,1
514575,91879885,772,32,+,1
514575,91879888,773,32,+,1
514575,91879889,774,32,+,1
514575,91879890,775,32,+,1
514575,91879985,776,32,+,1
514575,91879998,777,32,+,1
514576,16007185,778,32,+,1
514576,49719345,779,32,+,1
514566,49719346,779,32,+,1
514576,86404935,780,32,+,1
514576,86404933,780,32,+,1
514576,86404937,781,32,+,1
514576,940037,781,32,+,1
514576,86404951,782,32,+,1
514576,86404952,782,32,+,1
514576,86404950,782,32,+,1
514576,86404948,782,32,+,1
514576,86404946,782,32,+,1
514576,86404965,783,32,+,1
514576,86404966,783,32,+,1
514576,86404964,783,32,+,1
514576,86404956,783,32,+,1
514576,86404985,784,32,+,1
514576,86404986,784,32,+,1
514576,938527,785,32,+,1
514576,86124486,785,32,+,1
514576,86124487,785,32,+,1
514576,86753076,785,32,+,1
514576,86753078,785,32,+,1
514576,86753079,785,32,+,1
514576,938540,786,32,+,1
514576,938543,787,32,+,1
514576,938544,788,32,+,1
514566,1385587,788,32,+,1
514576,938545,789,32,+,1
514576,938546,790,32,+,1
514576,88533366,790,32,+,1
514576,88533367,790,32,+,1
514576,940019,790,32,+,1
514576,86404942,790,32,+,1
514576,940012,791,32,+,1
514566,1391797,792,32,+,1
514566,1391790,793,32,+,1
514566,1391785,794,32,+,1
514566,1391794,794,32,+,1
514566,88659994,795,32,+,1
514566,88659993,795,32,+,1
514566,1376646,795,32,+,1
514566,1384048,795,32,+,1
514566,1384044,795,32,+,1
514566,1373656,795,32,+,1
514566,1373653,795,32,+,1
514566,1378175,795,32,+,1
514566,88659995,795,32,+,1
514566,88659996,795,32,+,1
514565,1634453,796,32,+,1
514565,1634454,796,32,+,1
514565,1634392,796,32,+,1
514565,1628221,796,32,+,1
514565,1634394,796,32,+,1
514565,1634397,796,32,+,1
514565,16007124,796,32,+,1
514565,16007125,796,32,+,1
514565,86230114,796,32,+,1
514565,86230115,796,32,+,1
514565,86230113,796,32,+,1
514565,86230110,796,32,+,1
514565,86230107,796,32,+,1
514565,1635959,796,32,+,1
514564,2294687,796,32,+,1
514564,2294688,796,32,+,1
514564,16007126,796,32,+,1
514564,16007127,796,32,+,1
514564,16007128,796,32,+,1
514564,16007129,796,32,+,1
514576,938523,797,32,+,1
514575,2200988,797,32,+,1
514576,938522,797,32,+,1
514575,2200986,797,32,+,1
514576,16078797,797,32,+,1
514576,16078799,797,32,+,1
514576,16078801,797,32,+,1
514576,16078802,797,32,+,1
514576,938542,797,32,+,1
514576,938539,797,32,+,1
514575,86404525,797,32,+,1
514575,86404527,797,32,+,1
514575,86404563,797,32,+,1
514575,86404564,797,32,+,1
514575,86404562,797,32,+,1
514575,2205569,797,32,+,1
514575,2205571,797,32,+,1
514576,16007188,797,32,+,1
514576,16007189,797,32,+,1
514576,16007187,797,32,+,1
514576,86404931,797,32,+,1
514576,940026,797,32,+,1
514575,2202460,798,32,+,1
514565,1632858,798,32,+,1
514565,91879881,799,32,+,1
514575,86404468,800,32,+,1
514575,2202548,801,32,+,1
514575,16078785,801,32,+,1
514575,16078786,801,32,+,1
514575,2203993,801,32,+,1
514575,2202508,802,32,+,1
514575,86404484,802,32,+,1
514575,86404485,802,32,+,1
514575,16078778,803,32,+,1
514575,16078779,803,32,+,1
514575,2202532,803,32,+,1
514575,2205520,803,32,+,1
514575,2205522,803,32,+,1
514575,86404464,803,32,+,1
514575,2204029,804,32,+,1
514575,2204027,804,32,+,1
514575,2204021,804,32,+,1
514575,2204009,804,32,+,1
514575,2203997,804,32,+,1
514575,2204005,805,32,+,1
514575,2204016,805,32,+,1
514575,2204037,805,32,+,1
514575,2204039,805,32,+,1
514575,86404466,806,32,+,1
514575,2205532,806,32,+,1
514575,2205530,806,32,+,1
514575,2202546,806,32,+,1
514575,16078784,806,32,+,1
514575,16078783,806,32,+,1
514575,91879989,806,32,+,1
514575,91879988,806,32,+,1
514575,2204003,806,32,+,1
514575,2205545,806,32,+,1
514575,2205547,806,32,+,1
514575,2204044,806,32,+,1
514575,86404470,806,32,+,1
514575,86404471,806,32,+,1
514575,2204035,806,32,+,1
514575,2202504,806,32,+,1
514575,2202506,806,32,+,1
514575,2204031,806,32,+,1
514575,2205543,806,32,+,1
514575,2205541,806,32,+,1
514575,2204022,806,32,+,1
514575,86404473,806,32,+,1
514575,86404472,806,32,+,1
514575,91879994,806,32,+,1
514575,91879993,806,32,+,1
514575,2202519,806,32,+,1
514575,2202540,806,32,+,1
514565,16078731,807,32,+,1
514565,16078732,807,32,+,1
514565,1629774,807,32,+,1
514565,1632851,807,32,+,1
514565,1632853,807,32,+,1
514565,1626627,807,32,+,1
514565,1625092,807,32,+,1
514565,1625088,807,32,+,1
514565,1628171,807,32,+,1
514565,1628208,807,32,+,1
514565,86454651,807,32,+,1
514565,86454650,807,32,+,1
514565,1628192,807,32,+,1
514565,86454647,807,32,+,1
514565,86454648,807,32,+,1
514565,1628209,807,32,+,1
514565,1628172,807,32,+,1
514565,86454646,807,32,+,1
514565,86454645,807,32,+,1
514565,1625094,807,32,+,1
514565,1631286,807,32,+,1
514565,1629772,807,32,+,1
514565,86454625,807,32,+,1
514565,86454624,807,32,+,1
514565,1637578,807,32,+,1
514565,1637577,807,32,+,1
514565,1637575,807,32,+,1
514565,86454620,807,32,+,1
514565,86454619,807,32,+,1
514565,86454610,807,32,+,1
514565,1632830,807,32,+,1
514565,1632834,807,32,+,1
514565,1632833,807,32,+,1
514565,1632831,807,32,+,1
514565,86454612,807,32,+,1
514565,86454616,807,32,+,1
514565,86454617,807,32,+,1
514565,1637593,807,32,+,1
514565,1637587,807,32,+,1
514565,1637589,807,32,+,1
514565,16078731,807,32,+,1
514565,1625111,808,32,+,1
514565,1636004,809,32,+,1
514565,1629757,809,32,+,1
514565,86454639,810,32,+,1
514575,86404660,811,32,+,1
514565,1636023,812,32,+,1
514565,1636021,813,32,+,1
514565,1625100,814,32,+,1
514565,1629763,814,32,+,1
514565,1628164,814,32,+,1
514565,1636021,814,32,+,1
514565,1631354,815,32,+,1
514565,1631355,815,32,+,1
514565,1628206,816,32,+,1
514575,2200980,817,32,+,1
514565,86695187,818,32,+,1
514565,86695188,818,32,+,1
514565,86695186,818,32,+,1
514565,1626655,819,32,+,1
514565,86454635,820,32,+,1
514565,86454637,820,32,+,1
514565,91879901,820,32,+,1
514565,91879902,820,32,+,1
514565,1625150,821,32,+,1
514565,1629718,821,32,+,1
514565,1629719,821,32,+,1
514565,1625151,821,32,+,1
514565,1625119,821,32,+,1
514565,1635985,821,32,+,1
514565,1635987,821,32,+,1
514566,1391761,822,32,+,1
514565,16078750,823,32,+,1
514565,16078761,824,32,+,1
514565,86454801,825,32,+,1
514565,86454803,825,32,+,1
514565,86454804,825,32,+,1
514566,86454756,826,32,+,1
514566,16078768,826,32,+,1
514566,16078769,826,32,+,1
514566,16078767,826,32,+,1
514565,86454805,827,32,+,1
514565,16078493,827,32,+,1
514565,16078494,827,32,+,1
514565,1626591,827,32,+,1
514565,1628176,827,32,+,1
514566,16222022,827,32,+,1
514566,16222023,827,32,+,1
514566,1373604,827,32,+,1
514566,16222024,827,32,+,1
514566,16222025,827,32,+,1
514566,16222017,827,32,+,1
514566,1373626,827,32,+,1
514565,1625102,828,32,+,1
514565,86230169,828,32,+,1
514565,86230170,828,32,+,1
514565,1632816,828,32,+,1
514565,86454661,828,32,+,1
514565,86454662,828,32,+,1
514565,86454660,828,32,+,1
514565,86454658,828,32,+,1
514565,1629796,828,32,+,1
514565,1629797,828,32,+,1
514565,1625158,828,32,+,1
514565,91879916,828,32,+,1
514565,91879917,828,32,+,1
514565,1629762,828,32,+,1
514565,1632822,828,32,+,1
514565,1632823,828,32,+,1
514566,1373590,829,32,+,1
514566,1394936,830,32,+,1
514565,95924063,831,32,+,1
514565,95924076,831,32,+,1
514565,95924077,831,32,+,1
514565,95924072,831,32,+,1
514565,95924073,831,32,+,1
514565,95924068,831,32,+,1
514565,1626640,832,32,+,1
514565,1632798,832,32,+,1
514565,1632799,832,32,+,1
514565,1631264,832,32,+,1
514575,91880182,833,32,+,1
514575,86404522,833,32,+,1
514575,86404523,833,32,+,1
514575,91879886,833,32,+,1
514575,16078477,833,32,+,1
514575,16078478,833,32,+,1
514575,2204062,833,32,+,1
514575,91879999,833,32,+,1
514575,91880000,833,32,+,1
514575,2202479,833,32,+,1
514575,2202483,833,32,+,1
514575,86404494,833,32,+,1
514575,86404497,833,32,+,1
514575,86404498,833,32,+,1
514575,16078790,833,32,+,1
514575,16078791,833,32,+,1
514575,88262984,833,32,+,1
514575,88262985,833,32,+,1
514565,86454768,833,32,+,1
514565,86454769,833,32,+,1
514565,86454767,833,32,+,1
514565,1625131,834,32,+,1
514565,1626613,834,32,+,1
514565,86695173,834,32,+,1
514565,1626617,835,32,+,1
514575,91879991,836,32,+,1
514575,91879992,836,32,+,1
514565,1628197,836,32,+,1
514565,1628203,837,32,+,1
514565,1639162,838,32,+,1
514565,86230189,839,32,+,1
514565,1629768,840,32,+,1
514565,1629769,841,32,+,1
514565,1626608,842,32,+,1
514565,1625099,843,32,+,1
514575,2205601,844,32,+,1
514575,91879995,845,32,+,1
514575,2205613,846,32,+,1
514575,2205616,846,32,+,1
514575,2205518,846,32,+,1
514575,2205534,847,32,+,1
514575,86404533,847,32,+,1
514575,86404535,847,32,+,1
514575,86404537,847,32,+,1
514575,91880183,847,32,+,1
514575,91880184,847,32,+,1
514575,86404539,847,32,+,1
514575,86404541,847,32,+,1
514575,86404543,847,32,+,1
514575,86404545,847,32,+,1
514575,86404547,847,32,+,1
514575,91879883,847,32,+,1
514575,91879884,847,32,+,1
514575,86404551,847,32,+,1
514575,86404553,847,32,+,1
514575,86404555,847,32,+,1
514575,86404557,847,32,+,1
514575,86404559,847,32,+,1
514575,16007136,847,32,+,1
514575,16007137,847,32,+,1
514575,86404659,847,32,+,1
514575,16007131,847,32,+,1
514575,16007132,847,32,+,1
514575,86404653,847,32,+,1
514575,2207124,847,32,+,1
514575,86404649,847,32,+,1
514575,86404650,847,32,+,1
514575,86404648,847,32,+,1
514575,86404646,847,32,+,1
514575,2207135,847,32,+,1
514575,2207138,847,32,+,1
514575,2207122,847,32,+,1
514575,86404512,848,32,+,1
514575,86404513,848,32,+,1
514575,2200953,849,32,+,1
514565,86454798,850,32,+,1
514565,1631270,851,32,+,1
514565,1626581,852,32,+,1
514565,1626583,853,32,+,1
514565,1626633,854,32,+,1
514565,86454799,855,32,+,1
514565,91879904,855,32,+,1
514565,91879905,855,32,+,1
514565,1632871,855,32,+,1
514565,1628198,856,32,+,1
514575,2202468,856,32,+,1
514575,2202470,856,32,+,1
514575,2200996,856,32,+,1
514565,1628145,857,32,+,1
514565,1626657,858,32,+,1
514565,1626648,858,32,+,1
514565,1628151,858,32,+,1
514565,1628152,858,32,+,1
514565,86230195,858,32,+,1
514566,1394913,859,32,+,1
514566,1373618,860,32,+,1
514566,1373620,860,32,+,1
514565,86454652,861,32,+,1
514565,86454653,861,32,+,1
514565,1632791,862,32,+,1
514565,1626670,862,32,+,1
514565,1626671,862,32,+,1
514565,1628142,862,32,+,1
514565,1628146,862,32,+,1
514565,1628147,862,32,+,1
514565,1628205,863,32,+,1
514566,1391767,864,32,+,1
514566,86454748,865,32,+,1
514566,86454747,865,32,+,1
514566,1376707,865,32,+,1
514566,1376704,865,32,+,1
514566,1376701,865,32,+,1
514566,1393289,865,32,+,1
514566,1393286,865,32,+,1
514566,86454759,865,32,+,1
514566,86454758,865,32,+,1
514566,1373666,865,32,+,1
514566,1373680,865,32,+,1
514566,1375135,865,32,+,1
514566,91880011,865,32,+,1
514566,91880010,865,32,+,1
514566,91880006,865,32,+,1
514566,91880005,865,32,+,1
514566,1373633,865,32,+,1
514565,86454585,865,32,+,1
514565,86454588,865,32,+,1
514565,86454587,865,32,+,1
514565,1632865,865,32,+,1
514565,1632868,866,32,+,1
514565,86454590,866,32,+,1
514565,86454592,866,32,+,1
514565,86454593,866,32,+,1
514566,1373637,866,32,+,1
514566,1394911,866,32,+,1
514566,91880003,866,32,+,1
514566,91880004,866,32,+,1
514566,91880008,866,32,+,1
514566,91880009,866,32,+,1
514566,1375141,866,32,+,1
514566,1373677,866,32,+,1
514566,1373673,866,32,+,1
514566,86454762,866,32,+,1
514566,86454763,866,32,+,1
514566,86454755,866,32,+,1
514566,1393282,866,32,+,1
514566,1393285,866,32,+,1
514566,1376695,866,32,+,1
514566,1376698,866,32,+,1
514566,1376713,866,32,+,1
514566,86454751,866,32,+,1
514566,86454752,866,32,+,1
514566,1391763,866,32,+,1
514565,1632835,867,32,+,1
514565,1632836,867,32,+,1
514565,1634399,868,32,+,1
514565,1634410,868,32,+,1
514565,1634407,868,32,+,1
514565,95924083,868,32,+,1
514565,95924082,868,32,+,1
514565,91879876,868,32,+,1
514565,91879877,869,32,+,1
514565,91879875,869,32,+,1
514565,95924101,869,32,+,1
514565,95924102,869,32,+,1
514565,95924080,869,32,+,1
514565,1634412,869,32,+,1
514565,1634414,869,32,+,1
514565,1634401,869,32,+,1
514565,86230184,870,32,+,1
514566,86454727,871,32,+,1
514566,1394947,872,32,+,1
514565,16078719,873,32,+,1
514565,16078716,873,32,+,1
514565,86454665,874,32,+,1
514565,16078857,875,32,+,1
514565,1631323,875,32,+,1
514565,1631318,875,32,+,1
514565,1625161,875,32,+,1
514565,16078741,876,32,+,1
514565,16078742,876,32,+,1
514565,1631327,876,32,+,1
514565,1628233,877,32,+,1
514565,1628234,877,32,+,1
514565,1631296,877,32,+,1
514565,86230181,877,32,+,1
514565,16078668,877,32,+,1
514565,16078673,877,32,+,1
514565,16078694,877,32,+,1
514565,16078695,877,32,+,1
514565,1631335,878,32,+,1
514565,91879936,878,32,+,1
514565,91879937,878,32,+,1
514565,91879958,878,32,+,1
514565,91879959,878,32,+,1
514565,1631344,878,32,+,1
514565,91879967,878,32,+,1
514565,91879968,878,32,+,1
514565,91879974,878,32,+,1
514565,86454739,878,32,+,1
514566,86454712,879,32,+,1
514566,86454711,879,32,+,1
514566,86454710,879,32,+,1
514566,86454709,879,32,+,1
514566,1382516,879,32,+,1
514566,1382514,879,32,+,1
514566,1378107,879,32,+,1
514566,86454688,879,32,+,1
514566,86454687,879,32,+,1
514566,86454691,879,32,+,1
514566,86454701,879,32,+,1
514566,91880019,879,32,+,1
514566,91880018,879,32,+,1
514566,86454719,879,32,+,1
514566,86454718,879,32,+,1
514566,1376727,879,32,+,1
514566,86454731,880,32,+,1
514566,86454730,880,32,+,1
514565,86454743,880,32,+,1
514565,86454745,880,32,+,1
514565,86454744,880,32,+,1
514565,91879971,880,32,+,1
514565,91879970,880,32,+,1
514565,1631346,880,32,+,1
514565,91879964,880,32,+,1
514565,91879963,880,32,+,1
514565,91879962,880,32,+,1
514565,91879961,880,32,+,1
514565,1631337,880,32,+,1
514565,1625169,880,32,+,1
514565,1631269,880,32,+,1
514565,1636046,880,32,+,1
514565,1631265,880,32,+,1
514565,1628184,880,32,+,1
514565,1626637,880,32,+,1
514565,16078854,880,32,+,1
514565,16078853,880,32,+,1
514565,1631320,880,32,+,1
514565,16078745,880,32,+,1
514565,16078744,880,32,+,1
514565,1636038,880,32,+,1
514565,16078723,880,32,+,1
514565,16078722,880,32,+,1
514565,16078720,880,32,+,1
514565,86454667,880,32,+,1
514565,86454665,880,32,+,1
514565,16078684,880,32,+,1
514565,16078683,880,32,+,1
514565,16078702,880,32,+,1
514565,16078701,880,32,+,1
514565,16078677,880,32,+,1
514565,16078676,880,32,+,1
514565,1631301,880,32,+,1
514565,1631314,880,32,+,1
514565,1631313,880,32,+,1
514565,1631293,880,32,+,1
514565,16078727,880,32,+,1
514565,16078726,880,32,+,1
514565,1629712,880,32,+,1
514565,86230186,880,32,+,1
514565,1632801,880,32,+,1
514565,1632800,880,32,+,1
514565,86230175,880,32,+,1
514565,86230174,880,32,+,1
514565,1629789,880,32,+,1
514565,86230119,880,32,+,1
514565,86230118,880,32,+,1
514566,1388707,881,32,+,1
514566,1380948,881,32,+,1
514566,1380968,881,32,+,1
514566,1380971,881,32,+,1
514566,1380972,881,32,+,1
514566,1380959,882,32,+,1
514566,1380962,882,32,+,1
514566,1388746,882,32,+,1
514566,1388750,882,32,+,1
514566,1380934,882,32,+,1
514566,16078863,883,32,+,1
514566,16078864,883,32,+,1
514566,16078858,883,32,+,1
514566,16078869,883,32,+,1
514566,16078876,883,32,+,1
514566,16078879,883,32,+,1
514566,16078890,883,32,+,1
514566,16221893,883,32,+,1
514566,16221898,883,32,+,1
514566,16221903,883,32,+,1
514566,16221904,883,32,+,1
514566,1393342,883,32,+,1
514566,1379529,883,32,+,1
514566,1379535,883,32,+,1
514566,86454542,884,32,+,1
514566,86454541,884,32,+,1
514566,91880071,884,32,+,1
514566,91880070,884,32,+,1
514566,86454531,884,32,+,1
514566,86454530,884,32,+,1
514566,1380978,884,32,+,1
514566,1384023,884,32,+,1
514566,1384022,884,32,+,1
514566,1382442,884,32,+,1
514566,1380938,884,32,+,1
514566,1388744,884,32,+,1
514566,1388741,884,32,+,1
514566,1388739,884,32,+,1
514566,1388736,884,32,+,1
514566,1379604,884,32,+,1
514566,86454416,884,32,+,1
514566,86454415,884,32,+,1
514566,86454413,884,32,+,1
514566,1384026,884,32,+,1
514566,1379564,884,32,+,1
514566,1379586,884,32,+,1
514566,1379585,884,32,+,1
514566,1379546,884,32,+,1
514566,1379517,884,32,+,1
514566,1379516,884,32,+,1
514566,1378183,884,32,+,1
514566,1378181,884,32,+,1
514566,16221913,884,32,+,1
514566,16221912,884,32,+,1
514566,16221910,884,32,+,1
514566,16221908,884,32,+,1
514566,1387101,884,32,+,1
514566,95924114,884,32,+,1
514566,95924113,884,32,+,1
514566,16078887,884,32,+,1
514566,16078886,884,32,+,1
514566,16078884,884,32,+,1
514566,1393339,884,32,+,1
514566,16078569,884,32,+,1
514566,16078568,884,32,+,1
514566,16078561,884,32,+,1
514566,16078560,884,32,+,1
514566,88660071,884,32,+,1
514566,88660070,884,32,+,1
514566,16078554,884,32,+,1
514566,16078553,884,32,+,1
514566,16078545,884,32,+,1
514566,16078549,884,32,+,1
514566,16078548,884,32,+,1
514566,49719329,884,32,+,1
514566,49719328,884,32,+,1
514566,1375176,884,32,+,1
514566,16078538,884,32,+,1
514566,16078537,884,32,+,1
514566,86454424,884,32,+,1
514566,86454423,884,32,+,1
514566,1378178,884,32,+,1
514566,1382462,884,32,+,1
514566,1378142,884,32,+,1
514566,1378117,884,32,+,1
514566,1385547,884,32,+,1
514566,1385551,884,32,+,1
514566,1375147,884,32,+,1
514566,1375151,884,32,+,1
514566,16078543,884,32,+,1
514566,16078544,884,32,+,1
514566,1375171,884,32,+,1
514566,49719331,884,32,+,1
514566,49719332,884,32,+,1
514566,16078551,884,32,+,1
514566,16078552,884,32,+,1
514566,1384035,884,32,+,1
514566,16078558,884,32,+,1
514566,16078559,884,32,+,1
514566,88660063,884,32,+,1
514566,91880039,884,32,+,1
514566,16078566,884,32,+,1
514566,16078567,884,32,+,1
514566,16078572,884,32,+,1
514566,16078573,884,32,+,1
514566,1394887,884,32,+,1
514566,16078871,884,32,+,1
514566,16078874,884,32,+,1
514566,16078881,884,32,+,1
514566,16078888,884,32,+,1
514566,16078889,884,32,+,1
514566,1387118,884,32,+,1
514566,16221895,884,32,+,1
514566,16221900,884,32,+,1
514566,16221905,884,32,+,1
514566,16221906,884,32,+,1
514566,87270538,884,32,+,1
514566,1379598,884,32,+,1
514566,1379523,884,32,+,1
514566,1379526,884,32,+,1
514566,1379589,884,32,+,1
514566,1379591,884,32,+,1
514566,1379570,884,32,+,1
514566,1379572,884,32,+,1
514566,1375197,884,32,+,1
514566,86454455,884,32,+,1
514566,86454456,884,32,+,1
514566,1388710,884,32,+,1
514566,1388713,884,32,+,1
514566,1388761,884,32,+,1
514566,1388763,884,32,+,1
514566,1380981,884,32,+,1
514566,1380982,884,32,+,1
514566,1383990,884,32,+,1
514566,1383993,884,32,+,1
514566,1385554,884,32,+,1
514566,1387093,884,32,+,1
514566,1380985,884,32,+,1
514566,91880072,884,32,+,1
514566,91880073,884,32,+,1
514566,86454538,884,32,+,1
514566,86454539,884,32,+,1
